Actual,Predicted,RMSE
720.594482421875,2178398.2,6668938.832370383
632.309814453125,2379462.0,6668938.832370383
470.704193115234,1712162.2,6668938.832370383
1920.0,6645934.5,6668938.832370383
556.119384765625,2066000.0,6668938.832370383
1639.20495605468,5937502.5,6668938.832370383
3061.63500976562,10532845.0,6668938.832370383
2017.21496582031,5745353.0,6668938.832370383
1948.06494140625,6317400.5,6668938.832370383
3600.3798828125,13049835.0,6668938.832370383
0.0,20492.984,6668938.832370383
2758.7958984375,10427057.0,6668938.832370383
0.0,12549.67,6668938.832370383
616.463073730468,2571504.5,6668938.832370383
0.0,17490.89,6668938.832370383
343.452911376953,1201448.2,6668938.832370383
990.293823242187,3768880.2,6668938.832370383
0.0,4449.7026,6668938.832370383
2277.90209960937,7638961.5,6668938.832370383
0.0,9838.428,6668938.832370383
594.71240234375,2520744.0,6668938.832370383
2236.00708007812,8689684.0,6668938.832370383
1.82006895542144,9628.137,6668938.832370383
3014.81689453125,10702053.0,6668938.832370383
3572.31909179687,12420486.0,6668938.832370383
0.0,12732.924,6668938.832370383
399.266998291015,1975911.5,6668938.832370383
3208.40795898437,11005090.0,6668938.832370383
0.0,15093.845,6668938.832370383
16.6077499389648,49366.37,6668938.832370383
2734.75,9009784.0,6668938.832370383
738.101379394531,1922097.9,6668938.832370383
0.0,13485.506,6668938.832370383
454.659790039062,1705438.0,6668938.832370383
3572.11499023437,12396379.0,6668938.832370383
3602.4951171875,12405116.0,6668938.832370383
2121.27490234375,7382026.0,6668938.832370383
-0.0380667485296726,50241.82,6668938.832370383
2952.52905273437,9411657.0,6668938.832370383
2151.68188476562,6642575.0,6668938.832370383
3123.82690429687,10889767.0,6668938.832370383
3430.5869140625,11987529.0,6668938.832370383
74.0437393188476,364160.56,6668938.832370383
1740.43505859375,6147689.0,6668938.832370383
213.24510192871,844321.7,6668938.832370383
898.46728515625,3003943.2,6668938.832370383
986.831970214843,3745960.2,6668938.832370383
912.83837890625,3247534.2,6668938.832370383
381.551208496093,1551511.0,6668938.832370383
518.298217773437,1731312.5,6668938.832370383
2926.34790039062,10274791.0,6668938.832370383
3549.82299804687,12115998.0,6668938.832370383
392.198211669921,1297373.5,6668938.832370383
1046.80603027343,3565365.5,6668938.832370383
104.892997741699,319095.78,6668938.832370383
109.54100036621,478374.72,6668938.832370383
1352.35595703125,5280045.0,6668938.832370383
3148.27392578125,11241252.0,6668938.832370383
199.556701660156,5423158.0,6668938.832370383
0.0,20864.025,6668938.832370383
3147.89111328125,11082539.0,6668938.832370383
0.0,-1874.7158,6668938.832370383
2557.78393554687,8237263.0,6668938.832370383
2664.65893554687,8897600.0,6668938.832370383
2817.22705078125,11240153.0,6668938.832370383
85.7963027954101,391465.5,6668938.832370383
0.0401997789740562,438642.88,6668938.832370383
2487.4609375,8605360.0,6668938.832370383
124.455902099609,480603.8,6668938.832370383
1643.0009765625,5778321.0,6668938.832370383
3282.02001953125,11345628.0,6668938.832370383
3604.18798828125,12703589.0,6668938.832370383
0.0,-2644.578,6668938.832370383
1068.15002441406,3956975.0,6668938.832370383
1137.67602539062,4363206.0,6668938.832370383
305.80191040039,1369200.4,6668938.832370383
89.5718307495117,394981.53,6668938.832370383
159.514694213867,538078.94,6668938.832370383
0.0,2100485.2,6668938.832370383
3217.26806640625,11652478.0,6668938.832370383
935.197814941406,3421681.8,6668938.832370383
2116.751953125,7236467.5,6668938.832370383
3604.63696289062,12268380.0,6668938.832370383
0.0,9165.712,6668938.832370383
0.0,15936.956,6668938.832370383
0.0,11420.484,6668938.832370383
2900.47094726562,9379853.0,6668938.832370383
2860.20190429687,9295761.0,6668938.832370383
227.802597045898,1052940.9,6668938.832370383
807.367126464843,2975162.0,6668938.832370383
3473.34008789062,11680652.0,6668938.832370383
3602.29711914062,13338421.0,6668938.832370383
2366.89794921875,6663385.0,6668938.832370383
1051.17004394531,3885531.5,6668938.832370383
2690.0810546875,8514698.0,6668938.832370383
0.0,-2452.6826,6668938.832370383
800.746215820312,2832409.2,6668938.832370383
3593.22509765625,12541374.0,6668938.832370383
2863.63598632812,9589504.0,6668938.832370383
3194.43408203125,11104749.0,6668938.832370383
0.0,13103.843,6668938.832370383
3361.3720703125,12408881.0,6668938.832370383
3121.31201171875,11357386.0,6668938.832370383
370.466705322265,1468671.8,6668938.832370383
0.0,15084.243,6668938.832370383
0.0,5833.9272,6668938.832370383
221.206893920898,754814.9,6668938.832370383
1580.68103027343,6019021.5,6668938.832370383
713.742004394531,2454447.0,6668938.832370383
3538.21606445312,12125216.0,6668938.832370383
0.0,16566.055,6668938.832370383
3601.47290039062,12308064.0,6668938.832370383
0.0,15797.2295,6668938.832370383
1435.52197265625,5427930.0,6668938.832370383
0.0,12473.513,6668938.832370383
3603.3291015625,12546068.0,6668938.832370383
2791.61791992187,9782886.0,6668938.832370383
2148.59594726562,7250683.0,6668938.832370383
598.038391113281,8781022.0,6668938.832370383
1179.15502929687,3593365.0,6668938.832370383
0.0,16192.648,6668938.832370383
0.0,10997.2705,6668938.832370383
92.5371704101562,860788.0,6668938.832370383
1670.35095214843,8284905.5,6668938.832370383
0.0,591.0453,6668938.832370383
873.241821289062,2765550.0,6668938.832370383
1520.59094238281,4496788.5,6668938.832370383
2686.49291992187,8798490.0,6668938.832370383
741.925598144531,2294955.2,6668938.832370383
101.05110168457,324365.3,6668938.832370383
649.606323242187,2232499.8,6668938.832370383
0.0,-2528.9304,6668938.832370383
198.473098754882,591528.56,6668938.832370383
524.581481933593,5174935.0,6668938.832370383
0.0,975.5593,6668938.832370383
2535.662109375,9270615.0,6668938.832370383
1386.02294921875,5473719.5,6668938.832370383
2964.80590820312,9527002.0,6668938.832370383
2457.46801757812,7583717.0,6668938.832370383
53.2568092346191,244190.27,6668938.832370383
301.145202636718,1047623.1,6668938.832370383
357.294891357421,1210194.0,6668938.832370383
302.771301269531,1221386.9,6668938.832370383
30.4423007965087,244010.4,6668938.832370383
0.0,13564.709,6668938.832370383
2339.69604492187,7252906.0,6668938.832370383
2849.52197265625,10484014.0,6668938.832370383
1447.63098144531,4744583.5,6668938.832370383
0.0,3330.743,6668938.832370383
1332.93200683593,4831291.5,6668938.832370383
0.0,48153.14,6668938.832370383
2287.962890625,9068170.0,6668938.832370383
3599.05395507812,12264619.0,6668938.832370383
0.0,8587.865,6668938.832370383
586.043701171875,2273461.8,6668938.832370383
0.0,2955.4617,6668938.832370383
2669.36596679687,8703641.0,6668938.832370383
3157.40502929687,12235571.0,6668938.832370383
3462.05810546875,13102542.0,6668938.832370383
0.0,9724.715,6668938.832370383
0.0,35800.06,6668938.832370383
1142.89196777343,3717517.2,6668938.832370383
0.0,249.83157,6668938.832370383
2198.25805664062,7637022.0,6668938.832370383
3600.09008789062,12804006.0,6668938.832370383
0.0,10499.123,6668938.832370383
1205.45104980468,4119653.0,6668938.832370383
1882.52404785156,5845948.5,6668938.832370383
0.0,-2435.6287,6668938.832370383
2093.14306640625,7438007.5,6668938.832370383
3367.87109375,12330122.0,6668938.832370383
0.0,6097.214,6668938.832370383
1851.74597167968,6516067.5,6668938.832370383
3599.13989257812,12149697.0,6668938.832370383
116.018402099609,135412.14,6668938.832370383
2182.31201171875,6600252.0,6668938.832370383
884.380676269531,3058755.5,6668938.832370383
630.371215820312,2292744.2,6668938.832370383
0.0,4497.2725,6668938.832370383
3231.31201171875,10973500.0,6668938.832370383
571.365478515625,2142252.2,6668938.832370383
3463.3759765625,12269806.0,6668938.832370383
2505.8330078125,9533305.0,6668938.832370383
0.0,-2459.7043,6668938.832370383
2846.61499023437,10656982.0,6668938.832370383
163.848907470703,351770.6,6668938.832370383
909.797424316406,3442628.2,6668938.832370383
0.0,4929.357,6668938.832370383
0.0,-2395.4287,6668938.832370383
147.850006103515,547728.7,6668938.832370383
1094.92504882812,4333836.0,6668938.832370383
265.105102539062,1055927.1,6668938.832370383
1745.83996582031,5614530.0,6668938.832370383
3152.32104492187,11432515.0,6668938.832370383
186.258605957031,843698.25,6668938.832370383
0.0,33039.832,6668938.832370383
3305.7109375,11672855.0,6668938.832370383
74.0221862792968,274497.97,6668938.832370383
0.0,14832.509,6668938.832370383
1922.57800292968,6820910.0,6668938.832370383
0.0,21484.03,6668938.832370383
105.620903015136,421257.12,6668938.832370383
2732.837890625,9086763.0,6668938.832370383
3303.36108398437,11442926.0,6668938.832370383
184.277297973632,746142.06,6668938.832370383
1668.24694824218,6129837.5,6668938.832370383
0.0,170978.72,6668938.832370383
1101.7900390625,3678706.2,6668938.832370383
3271.94995117187,11532636.0,6668938.832370383
51.5530815124511,75248.734,6668938.832370383
279.647308349609,1048203.25,6668938.832370383
2268.26708984375,7436254.5,6668938.832370383
3533.14990234375,12395105.0,6668938.832370383
52.3945693969726,197371.9,6668938.832370383
107.757202148437,353995.1,6668938.832370383
0.0,4349.0503,6668938.832370383
381.569091796875,1426459.1,6668938.832370383
0.0,862.16876,6668938.832370383
50.9790611267089,43916.73,6668938.832370383
0.0,56818.527,6668938.832370383
641.7255859375,2265380.2,6668938.832370383
2434.23510742187,9263758.0,6668938.832370383
322.746185302734,1037419.9,6668938.832370383
0.0,10328.474,6668938.832370383
173.661300659179,633676.8,6668938.832370383
882.5654296875,2891168.8,6668938.832370383
289.25210571289,1041204.44,6668938.832370383
2351.06103515625,8806024.0,6668938.832370383
1224.21594238281,4567756.0,6668938.832370383
280.478698730468,1014037.75,6668938.832370383
156.37710571289,539333.94,6668938.832370383
0.0,14617.974,6668938.832370383
0.0,6604.519,6668938.832370383
3272.10791015625,11170605.0,6668938.832370383
1803.12805175781,6652042.5,6668938.832370383
117.782501220703,374850.25,6668938.832370383
994.598327636718,3018930.8,6668938.832370383
2547.57202148437,10364816.0,6668938.832370383
0.0,11106.348,6668938.832370383
0.0,24426.988,6668938.832370383
1245.24194335937,4234595.0,6668938.832370383
1524.4560546875,5359352.0,6668938.832370383
1492.02294921875,5419574.0,6668938.832370383
1803.09899902343,6379702.0,6668938.832370383
3530.3740234375,12420293.0,6668938.832370383
1540.77294921875,9394397.0,6668938.832370383
3583.43505859375,12408940.0,6668938.832370383
0.0,47319.047,6668938.832370383
2857.81909179687,10511688.0,6668938.832370383
3566.55200195312,12357007.0,6668938.832370383
511.815704345703,2152370.2,6668938.832370383
0.0,17140.018,6668938.832370383
562.404479980468,2318531.2,6668938.832370383
1347.48901367187,4803759.5,6668938.832370383
427.820709228515,1799015.5,6668938.832370383
82.114158630371,326420.72,6668938.832370383
1490.56701660156,5450429.0,6668938.832370383
1360.36096191406,4710436.0,6668938.832370383
2940.248046875,11143542.0,6668938.832370383
2440.36206054687,8923138.0,6668938.832370383
0.0,10078.889,6668938.832370383
0.0,735.902,6668938.832370383
3045.88403320312,10558083.0,6668938.832370383
3310.06909179687,11771883.0,6668938.832370383
2564.74194335937,10295348.0,6668938.832370383
3360.23095703125,11518197.0,6668938.832370383
1573.84204101562,11494299.0,6668938.832370383
2869.67309570312,12450918.0,6668938.832370383
1174.53698730468,5058998.5,6668938.832370383
1090.49597167968,4020411.2,6668938.832370383
3572.93505859375,12398108.0,6668938.832370383
587.069091796875,2442474.5,6668938.832370383
1670.04602050781,5750959.5,6668938.832370383
0.0,-623.95764,6668938.832370383
0.0,255304.47,6668938.832370383
2389.22509765625,7772238.5,6668938.832370383
3603.0791015625,13087624.0,6668938.832370383
3598.7099609375,12650375.0,6668938.832370383
2069.65600585937,7073622.0,6668938.832370383
1224.36401367187,4826542.5,6668938.832370383
3602.59399414062,13312526.0,6668938.832370383
0.0,47918.082,6668938.832370383
0.0,4984.023,6668938.832370383
276.43618774414,1149786.1,6668938.832370383
510.712493896484,2089499.9,6668938.832370383
1404.43298339843,5103269.0,6668938.832370383
418.115997314453,5357789.5,6668938.832370383
31.2328395843505,107491.39,6668938.832370383
3600.35888671875,13016383.0,6668938.832370383
3479.626953125,12259577.0,6668938.832370383
0.0,8785.211,6668938.832370383
3547.52197265625,11562434.0,6668938.832370383
0.0,11242.428,6668938.832370383
942.49462890625,2617732.8,6668938.832370383
3243.97607421875,11408136.0,6668938.832370383
0.0,57743.473,6668938.832370383
2858.81689453125,10280420.0,6668938.832370383
0.0,21693.676,6668938.832370383
1302.1240234375,4713530.5,6668938.832370383
515.205017089843,1807578.6,6668938.832370383
3269.1201171875,11628688.0,6668938.832370383
2391.8740234375,8304334.0,6668938.832370383
2158.56591796875,6519785.0,6668938.832370383
588.159729003906,2121996.2,6668938.832370383
980.816223144531,3473267.8,6668938.832370383
3603.26293945312,13305268.0,6668938.832370383
1340.05700683593,4904934.0,6668938.832370383
3599.93188476562,12850324.0,6668938.832370383
776.80712890625,2803086.5,6668938.832370383
2995.93408203125,9956458.0,6668938.832370383
885.881286621093,2706736.5,6668938.832370383
1413.10900878906,5275738.5,6668938.832370383
2435.3759765625,7458216.0,6668938.832370383
2484.248046875,8330147.5,6668938.832370383
3462.87890625,12990951.0,6668938.832370383
3604.16088867187,12446391.0,6668938.832370383
2742.7119140625,8410144.0,6668938.832370383
2570.65795898437,8639774.0,6668938.832370383
3602.18310546875,13330093.0,6668938.832370383
3475.69506835937,12491066.0,6668938.832370383
960.67626953125,3236512.5,6668938.832370383
3603.56103515625,12729758.0,6668938.832370383
1683.60302734375,6696339.0,6668938.832370383
14.2659101486206,8462.328,6668938.832370383
217.543899536132,912967.7,6668938.832370383
0.0,-199.35602,6668938.832370383
0.0,10077.277,6668938.832370383
1012.47497558593,4200481.0,6668938.832370383
3603.47290039062,13236822.0,6668938.832370383
2674.06591796875,9411045.0,6668938.832370383
0.0,14615.872,6668938.832370383
1930.56799316406,6596800.0,6668938.832370383
1940.55895996093,6327014.0,6668938.832370383
1255.73706054687,4832254.5,6668938.832370383
2447.39404296875,7804637.5,6668938.832370383
507.933288574218,2113624.5,6668938.832370383
959.710693359375,3289060.0,6668938.832370383
814.220520019531,2787020.2,6668938.832370383
0.0,5241.8145,6668938.832370383
2945.38500976562,9141456.0,6668938.832370383
2886.31591796875,10052529.0,6668938.832370383
0.0,52643.5,6668938.832370383
0.0,31728.568,6668938.832370383
243.729095458984,876592.8,6668938.832370383
379.456787109375,1474710.8,6668938.832370383
3543.60498046875,12933524.0,6668938.832370383
248.161697387695,3371549.8,6668938.832370383
3313.69091796875,11106949.0,6668938.832370383
3601.912109375,13648930.0,6668938.832370383
0.0,2374.109,6668938.832370383
1425.41003417968,5714852.0,6668938.832370383
156.928894042968,667973.1,6668938.832370383
555.025817871093,1859839.4,6668938.832370383
951.503112792968,3475831.2,6668938.832370383
3602.14306640625,13291834.0,6668938.832370383
345.610290527343,1467513.9,6668938.832370383
427.354614257812,1623400.9,6668938.832370383
292.18798828125,1014884.94,6668938.832370383
0.0,8939.747,6668938.832370383
3421.2060546875,12413084.0,6668938.832370383
0.0,14066.151,6668938.832370383
0.0,9724.241,6668938.832370383
338.591186523437,1298117.5,6668938.832370383
1552.28503417968,5547977.0,6668938.832370383
254.600296020507,963594.3,6668938.832370383
3600.47607421875,12567427.0,6668938.832370383
0.0,222.80574,6668938.832370383
3603.89599609375,13269996.0,6668938.832370383
3602.53100585937,12363896.0,6668938.832370383
3045.080078125,10609451.0,6668938.832370383
2973.44091796875,9300434.0,6668938.832370383
1377.27600097656,5059664.5,6668938.832370383
3603.4169921875,13219298.0,6668938.832370383
2574.59301757812,7807154.5,6668938.832370383
0.0,14045.401,6668938.832370383
1091.25,3473250.0,6668938.832370383
2417.6640625,7327123.0,6668938.832370383
2564.59204101562,7437231.5,6668938.832370383
3374.14208984375,11896170.0,6668938.832370383
2403.7109375,8061789.0,6668938.832370383
3297.60400390625,11595348.0,6668938.832370383
483.559997558593,1779867.1,6668938.832370383
367.705200195312,1589295.5,6668938.832370383
776.2216796875,9953420.0,6668938.832370383
623.63037109375,2281823.2,6668938.832370383
153.732299804687,675117.7,6668938.832370383
586.0322265625,1854816.5,6668938.832370383
601.469116210937,1895159.0,6668938.832370383
2906.9609375,9797261.0,6668938.832370383
1159.94104003906,4295142.5,6668938.832370383
15.7615299224853,158863.08,6668938.832370383
724.976318359375,2448182.0,6668938.832370383
0.0,9358735.0,6668938.832370383
2063.9150390625,7143448.5,6668938.832370383
0.0,7512.034,6668938.832370383
518.385070800781,2316604.8,6668938.832370383
1052.15295410156,3374707.5,6668938.832370383
3462.64306640625,12265804.0,6668938.832370383
1740.67797851562,5695668.0,6668938.832370383
95.0123825073242,278518.56,6668938.832370383
3565.2958984375,12452900.0,6668938.832370383
90.0408325195312,281720.78,6668938.832370383
0.0,399.09055,6668938.832370383
1691.666015625,6460418.0,6668938.832370383
1675.71899414062,5764806.5,6668938.832370383
0.0,11705.007,6668938.832370383
464.648010253906,1814999.0,6668938.832370383
3602.48901367187,13039640.0,6668938.832370383
2724.0849609375,9174849.0,6668938.832370383
3586.29809570312,12357987.0,6668938.832370383
16.5412902832031,110338.96,6668938.832370383
3602.24609375,12507571.0,6668938.832370383
1170.01000976562,4394255.0,6668938.832370383
2507.5439453125,8909834.0,6668938.832370383
3512.37109375,12310092.0,6668938.832370383
1813.5419921875,6755013.0,6668938.832370383
2966.44604492187,8956541.0,6668938.832370383
1398.88403320312,5132806.5,6668938.832370383
3596.35693359375,12418958.0,6668938.832370383
495.46890258789,1897578.5,6668938.832370383
3592.63208007812,12871862.0,6668938.832370383
0.0,11408.459,6668938.832370383
1094.55395507812,4291927.0,6668938.832370383
1180.57495117187,4234282.0,6668938.832370383
3602.61010742187,12973791.0,6668938.832370383
10.7171297073364,1124615.6,6668938.832370383
0.0,20201.732,6668938.832370383
303.671813964843,890272.3,6668938.832370383
2675.5830078125,8718307.0,6668938.832370383
3461.80102539062,13164037.0,6668938.832370383
3121.31909179687,11343007.0,6668938.832370383
0.0,66976.21,6668938.832370383
464.131195068359,1733014.0,6668938.832370383
2044.11096191406,7218568.5,6668938.832370383
39.4062194824218,250245.61,6668938.832370383
685.660400390625,2440671.2,6668938.832370383
0.0,14681.687,6668938.832370383
632.510009765625,2404183.0,6668938.832370383
769.099670410156,2705991.8,6668938.832370383
594.572875976562,2479651.8,6668938.832370383
1794.02404785156,5594575.5,6668938.832370383
2192.14892578125,8535585.0,6668938.832370383
0.0,-1925.9719,6668938.832370383
927.892578125,3566642.8,6668938.832370383
149.626495361328,440963.0,6668938.832370383
3558.3701171875,12299964.0,6668938.832370383
0.0,6255.882,6668938.832370383
3597.3330078125,12741128.0,6668938.832370383
914.821228027343,3231511.8,6668938.832370383
591.098022460937,2477692.5,6668938.832370383
0.0,15382.623,6668938.832370383
607.293029785156,2157962.5,6668938.832370383
0.0,12441.208,6668938.832370383
447.605712890625,1825906.5,6668938.832370383
3285.55908203125,12168347.0,6668938.832370383
0.0,12337420.0,6668938.832370383
0.0,976770.94,6668938.832370383
2309.0,7062547.0,6668938.832370383
0.0,5874485.0,6668938.832370383
3588.63305664062,12476431.0,6668938.832370383
342.58560180664,1260053.2,6668938.832370383
409.648803710937,1484414.1,6668938.832370383
3601.24609375,12515993.0,6668938.832370383
0.0,17540.25,6668938.832370383
3060.5048828125,11086086.0,6668938.832370383
2019.40002441406,7466194.0,6668938.832370383
2499.76611328125,9106682.0,6668938.832370383
185.162002563476,662870.7,6668938.832370383
0.0,4924.9536,6668938.832370383
211.159805297851,1097627.2,6668938.832370383
21.3686008453369,92784.766,6668938.832370383
3429.02197265625,12250731.0,6668938.832370383
2534.2919921875,7951947.0,6668938.832370383
1370.37902832031,4899918.5,6668938.832370383
92.8390274047851,510917.8,6668938.832370383
2008.90405273437,6188623.0,6668938.832370383
3042.5791015625,11244395.0,6668938.832370383
2433.52490234375,8958605.0,6668938.832370383
0.0,6625915.0,6668938.832370383
1389.97900390625,5486471.5,6668938.832370383
0.0,-1331.964,6668938.832370383
165.345504760742,825584.3,6668938.832370383
3569.19604492187,12422730.0,6668938.832370383
0.0,12239718.0,6668938.832370383
182.355102539062,865885.8,6668938.832370383
564.907897949218,2315287.8,6668938.832370383
0.0,15357.63,6668938.832370383
0.0,224.07317,6668938.832370383
294.344207763671,1185317.4,6668938.832370383
468.324493408203,1978368.4,6668938.832370383
792.905883789062,2515235.0,6668938.832370383
640.861083984375,2681792.2,6668938.832370383
298.342498779296,1112670.5,6668938.832370383
0.0,-1065.7316,6668938.832370383
123.51480102539,493057.16,6668938.832370383
0.0,-695.6634,6668938.832370383
287.914611816406,1397656.6,6668938.832370383
139.033599853515,654033.8,6668938.832370383
0.0,7398.6816,6668938.832370383
0.0,8786.842,6668938.832370383
179.307006835937,765339.9,6668938.832370383
3460.962890625,13267910.0,6668938.832370383
43.3767700195312,435565.25,6668938.832370383
3125.46704101562,12276967.0,6668938.832370383
2875.11303710937,10890829.0,6668938.832370383
11.2806797027587,38161.95,6668938.832370383
273.863586425781,988697.6,6668938.832370383
0.0,6910.496,6668938.832370383
3601.81103515625,12993580.0,6668938.832370383
0.0,12486.171,6668938.832370383
3602.65600585937,13310522.0,6668938.832370383
1267.39099121093,4751449.0,6668938.832370383
60.3326797485351,179489.81,6668938.832370383
2407.07397460937,9074462.0,6668938.832370383
0.0,9135.072,6668938.832370383
347.659484863281,1446194.9,6668938.832370383
2197.54296875,7020855.5,6668938.832370383
889.255981445312,3396649.5,6668938.832370383
0.0,340148.1,6668938.832370383
0.0,8955.764,6668938.832370383
2209.02587890625,7344511.0,6668938.832370383
0.0,2714.3376,6668938.832370383
0.0,4338058.0,6668938.832370383
3598.24291992187,12431374.0,6668938.832370383
672.102416992187,1757088.4,6668938.832370383
0.0,17095.21,6668938.832370383
2814.88500976562,9878256.0,6668938.832370383
950.632873535156,3393355.2,6668938.832370383
1088.42504882812,3802176.5,6668938.832370383
318.553985595703,842713.3,6668938.832370383
0.0,2653269.8,6668938.832370383
883.895690917968,2654954.8,6668938.832370383
2674.27294921875,8444781.0,6668938.832370383
1150.67395019531,4057294.8,6668938.832370383
3603.34790039062,12640821.0,6668938.832370383
844.688598632812,1935802.8,6668938.832370383
370.779602050781,1093714.0,6668938.832370383
2773.9169921875,9174682.0,6668938.832370383
1749.53698730468,5486205.0,6668938.832370383
1392.71398925781,4964226.0,6668938.832370383
2635.22192382812,9174524.0,6668938.832370383
404.354309082031,1324012.8,6668938.832370383
1313.68603515625,4970231.5,6668938.832370383
0.0,6267.546,6668938.832370383
0.0,4734560.0,6668938.832370383
1290.458984375,5319769.0,6668938.832370383
0.0,-2292.7534,6668938.832370383
0.0,1713129.4,6668938.832370383
1182.02600097656,3600986.8,6668938.832370383
3174.69702148437,11543651.0,6668938.832370383
3604.4189453125,12530405.0,6668938.832370383
835.602172851562,3253159.5,6668938.832370383
186.378097534179,740905.75,6668938.832370383
684.599182128906,2470145.5,6668938.832370383
0.0,38073.42,6668938.832370383
638.839111328125,1954756.1,6668938.832370383
371.853698730468,1545477.1,6668938.832370383
3601.65600585937,12535742.0,6668938.832370383
1435.65002441406,5369590.5,6668938.832370383
0.0,9911715.0,6668938.832370383
0.0,-2581.2122,6668938.832370383
2095.19995117187,7587166.5,6668938.832370383
91.5225219726562,270169.22,6668938.832370383
1267.40197753906,4380170.0,6668938.832370383
0.0,9256.3125,6668938.832370383
0.0,-364.14685,6668938.832370383
0.0,9925.904,6668938.832370383
1687.06298828125,5941814.0,6668938.832370383
1872.57604980468,6271421.0,6668938.832370383
1675.67602539062,6347795.0,6668938.832370383
2946.49096679687,10642624.0,6668938.832370383
2360.07006835937,6686408.5,6668938.832370383
418.697113037109,1748638.8,6668938.832370383
0.0,13670.928,6668938.832370383
1972.93103027343,6564211.5,6668938.832370383
214.494995117187,1021729.5,6668938.832370383
3601.7451171875,13294433.0,6668938.832370383
1304.94201660156,4576563.0,6668938.832370383
0.0,1435666.9,6668938.832370383
3353.17211914062,12535419.0,6668938.832370383
0.0,2937883.0,6668938.832370383
3005.6298828125,10494700.0,6668938.832370383
3387.25,11432304.0,6668938.832370383
0.0,-950.1463,6668938.832370383
0.0,-1006.94,6668938.832370383
63.1477394104003,168411.08,6668938.832370383
0.0,17330.926,6668938.832370383
344.910888671875,1188677.2,6668938.832370383
1140.94104003906,4126759.8,6668938.832370383
0.0,18435.027,6668938.832370383
3492.28198242187,11271654.0,6668938.832370383
886.530029296875,3274885.0,6668938.832370383
0.0,5555369.0,6668938.832370383
1170.70495605468,4157726.5,6668938.832370383
2252.7490234375,7000377.5,6668938.832370383
0.0,6924.4307,6668938.832370383
0.0,4300979.0,6668938.832370383
3454.73388671875,12420045.0,6668938.832370383
0.0,29857.246,6668938.832370383
1909.67297363281,5992545.0,6668938.832370383
0.0,15059.106,6668938.832370383
2017.77404785156,7001867.5,6668938.832370383
0.0,213414.14,6668938.832370383
734.956909179687,2258753.0,6668938.832370383
565.881591796875,2136990.5,6668938.832370383
0.0,5443.3027,6668938.832370383
2379.75,7230290.0,6668938.832370383
0.0,688.411,6668938.832370383
3028.48803710937,10676875.0,6668938.832370383
2196.45092773437,8050352.0,6668938.832370383
2655.98388671875,9096577.0,6668938.832370383
1638.86499023437,6201712.0,6668938.832370383
2180.13989257812,8125644.0,6668938.832370383
3602.96704101562,12427950.0,6668938.832370383
2951.02709960937,10203579.0,6668938.832370383
67.1954727172851,201124.03,6668938.832370383
252.445007324218,858870.0,6668938.832370383
555.51318359375,2089976.1,6668938.832370383
1070.03601074218,2929494.0,6668938.832370383
0.0,14478.405,6668938.832370383
0.0,716.40985,6668938.832370383
2.70366501808166,14786.12,6668938.832370383
3597.01000976562,12293150.0,6668938.832370383
614.984008789062,2186017.5,6668938.832370383
0.0,3241340.8,6668938.832370383
213.407806396484,872781.44,6668938.832370383
574.548706054687,2153270.2,6668938.832370383
745.599426269531,2028973.5,6668938.832370383
2330.36889648437,7001580.5,6668938.832370383
2742.78002929687,10235022.0,6668938.832370383
764.346984863281,2896771.5,6668938.832370383
0.0,156130.97,6668938.832370383
0.0,55041.465,6668938.832370383
188.236099243164,824172.44,6668938.832370383
0.0,10194.582,6668938.832370383
2825.02490234375,9798455.0,6668938.832370383
144.421005249023,624463.7,6668938.832370383
2474.55004882812,8410687.0,6668938.832370383
701.215209960937,2681575.2,6668938.832370383
3597.55810546875,12490289.0,6668938.832370383
1437.53796386718,5074660.5,6668938.832370383
0.0,1351.7643,6668938.832370383
3437.38500976562,12312826.0,6668938.832370383
0.0,7224.1494,6668938.832370383
163.099899291992,686741.25,6668938.832370383
0.0,-707.98615,6668938.832370383
2855.87109375,10795442.0,6668938.832370383
766.727294921875,3027744.2,6668938.832370383
2458.02197265625,8532196.0,6668938.832370383
0.0,130111.46,6668938.832370383
309.213012695312,925329.56,6668938.832370383
1580.63500976562,6037659.0,6668938.832370383
779.286071777343,2968362.2,6668938.832370383
0.0,8957.925,6668938.832370383
3587.76000976562,12416683.0,6668938.832370383
0.0,691764.3,6668938.832370383
3602.42797851562,12754030.0,6668938.832370383
1625.02502441406,5746805.5,6668938.832370383
3296.19995117187,11948173.0,6668938.832370383
0.0,7922.188,6668938.832370383
996.359619140625,4057304.8,6668938.832370383
359.780487060546,1573371.0,6668938.832370383
1483.39697265625,4927845.0,6668938.832370383
1078.51000976562,2992413.2,6668938.832370383
3602.60791015625,12990053.0,6668938.832370383
298.095611572265,1121342.5,6668938.832370383
3370.97607421875,11655903.0,6668938.832370383
0.0,49921.332,6668938.832370383
949.773315429687,3524061.0,6668938.832370383
2898.34912109375,10364072.0,6668938.832370383
2493.6279296875,8690199.0,6668938.832370383
1116.19897460937,4474868.5,6668938.832370383
3599.10498046875,12683361.0,6668938.832370383
1483.43298339843,5107678.0,6668938.832370383
1306.9189453125,4763353.0,6668938.832370383
3564.73193359375,12172467.0,6668938.832370383
3461.80688476562,13228174.0,6668938.832370383
1564.31201171875,5206353.0,6668938.832370383
2449.36889648437,7505454.5,6668938.832370383
428.906707763671,1519965.4,6668938.832370383
3242.90795898437,10769005.0,6668938.832370383
0.0,46440.367,6668938.832370383
0.0,12897.086,6668938.832370383
0.0,17087.262,6668938.832370383
0.0,10842.379,6668938.832370383
277.434204101562,1061544.2,6668938.832370383
910.036010742187,3791796.5,6668938.832370383
3047.17309570312,10595413.0,6668938.832370383
6.18509578704833,28344.281,6668938.832370383
636.8583984375,2367620.2,6668938.832370383
698.436828613281,2957021.5,6668938.832370383
551.779479980468,2081800.1,6668938.832370383
3217.14794921875,10400177.0,6668938.832370383
0.0,2254.6152,6668938.832370383
859.814819335937,2891208.0,6668938.832370383
753.423583984375,2700396.0,6668938.832370383
176.993194580078,750735.9,6668938.832370383
2844.72412109375,10008637.0,6668938.832370383
331.081909179687,1424465.0,6668938.832370383
64.0116500854492,304499.16,6668938.832370383
3461.6650390625,13330836.0,6668938.832370383
1219.06896972656,4857629.5,6668938.832370383
2319.82299804687,8452242.0,6668938.832370383
401.554595947265,1635547.5,6668938.832370383
1595.09204101562,12317817.0,6668938.832370383
340.213409423828,2452388.8,6668938.832370383
1555.52404785156,4537598.5,6668938.832370383
2908.00805664062,10750113.0,6668938.832370383
1312.87097167968,4628726.5,6668938.832370383
2273.27197265625,7963128.0,6668938.832370383
867.509521484375,3402027.8,6668938.832370383
2712.40698242187,7770960.5,6668938.832370383
0.0,11051.566,6668938.832370383
0.0,10529448.0,6668938.832370383
333.292510986328,1456319.0,6668938.832370383
0.0,6366.523,6668938.832370383
3187.0,11805365.0,6668938.832370383
799.882690429687,2910315.0,6668938.832370383
148.171600341796,683958.56,6668938.832370383
3598.83911132812,12627548.0,6668938.832370383
425.785705566406,1572290.6,6668938.832370383
825.983703613281,2722286.0,6668938.832370383
3585.24609375,12803160.0,6668938.832370383
3587.48193359375,12480225.0,6668938.832370383
0.0,11435.678,6668938.832370383
287.572601318359,894887.8,6668938.832370383
0.0,-1896.6832,6668938.832370383
2195.291015625,6323449.0,6668938.832370383
1049.75402832031,4123706.0,6668938.832370383
1939.1689453125,6410442.0,6668938.832370383
2941.42407226562,10814754.0,6668938.832370383
3546.05297851562,12412826.0,6668938.832370383
1065.08703613281,3303802.2,6668938.832370383
2622.12890625,9016160.0,6668938.832370383
0.0,9536.683,6668938.832370383
0.0,15783.3545,6668938.832370383
0.0,1698.014,6668938.832370383
0.0,11763.101,6668938.832370383
2500.44091796875,7996470.5,6668938.832370383
982.379211425781,3664389.0,6668938.832370383
0.0,3353.7256,6668938.832370383
328.839294433593,1488333.8,6668938.832370383
0.0,13909.502,6668938.832370383
954.790588378906,3439226.8,6668938.832370383
622.785217285156,2566312.0,6668938.832370383
0.0,6455.7104,6668938.832370383
627.587097167968,2211550.5,6668938.832370383
0.0,88100.8,6668938.832370383
1775.19604492187,6358554.5,6668938.832370383
432.036987304687,1668559.9,6668938.832370383
1238.52001953125,4215243.5,6668938.832370383
3492.455078125,12431992.0,6668938.832370383
301.653015136718,1366038.2,6668938.832370383
0.0,6904.1587,6668938.832370383
0.0,4923.8457,6668938.832370383
0.0,8510.268,6668938.832370383
356.428497314453,1772285.1,6668938.832370383
2514.3310546875,9198307.0,6668938.832370383
86.6327209472656,344452.7,6668938.832370383
0.0,14689.348,6668938.832370383
1342.55004882812,4244401.5,6668938.832370383
784.321716308593,2895796.5,6668938.832370383
387.389709472656,1264887.4,6668938.832370383
0.0,4410.392,6668938.832370383
43.6965408325195,369367.4,6668938.832370383
2830.02197265625,10588680.0,6668938.832370383
3603.5419921875,12722753.0,6668938.832370383
2796.99096679687,9619026.0,6668938.832370383
1099.61499023437,3366932.8,6668938.832370383
3009.94091796875,10945837.0,6668938.832370383
2742.9619140625,8606365.0,6668938.832370383
0.0,1440219.5,6668938.832370383
3403.61303710937,11947696.0,6668938.832370383
0.0,14137.478,6668938.832370383
0.0,18129.559,6668938.832370383
0.0,2486744.5,6668938.832370383
555.413513183593,2503305.8,6668938.832370383
3578.830078125,12345350.0,6668938.832370383
0.0,6705.3047,6668938.832370383
1187.84301757812,5285498.5,6668938.832370383
0.0,411046.38,6668938.832370383
3462.65405273437,13331633.0,6668938.832370383
1320.10498046875,4675286.5,6668938.832370383
1742.2099609375,6712983.0,6668938.832370383
0.0,365507.4,6668938.832370383
2395.06298828125,8054000.5,6668938.832370383
161.309997558593,6225044.5,6668938.832370383
910.327209472656,2852766.0,6668938.832370383
1594.30004882812,4879642.0,6668938.832370383
148.182205200195,685873.75,6668938.832370383
1108.71801757812,4593812.0,6668938.832370383
3249.67993164062,10556078.0,6668938.832370383
3498.9208984375,12361292.0,6668938.832370383
366.079315185546,1372287.5,6668938.832370383
1395.05700683593,4480041.0,6668938.832370383
0.0,21261.076,6668938.832370383
1529.251953125,5908689.5,6668938.832370383
62.3278503417968,190283.95,6668938.832370383
2245.498046875,12316766.0,6668938.832370383
1695.96105957031,5995199.5,6668938.832370383
1337.251953125,4617735.5,6668938.832370383
0.0,44206.883,6668938.832370383
734.013427734375,3132176.0,6668938.832370383
299.603912353515,1199945.1,6668938.832370383
233.451400756835,1019727.94,6668938.832370383
946.226501464843,3383102.0,6668938.832370383
1935.43505859375,11844834.0,6668938.832370383
0.0,7926.7734,6668938.832370383
845.901977539062,3245268.5,6668938.832370383
1404.68298339843,5123620.0,6668938.832370383
1767.26904296875,6195722.0,6668938.832370383
3602.92797851562,12394248.0,6668938.832370383
146.141403198242,663923.5,6668938.832370383
0.0,79051.01,6668938.832370383
0.0,21298.268,6668938.832370383
701.331604003906,2149199.5,6668938.832370383
0.0,12394.383,6668938.832370383
63.9341316223144,28465.584,6668938.832370383
0.0,12518703.0,6668938.832370383
237.13980102539,441848.16,6668938.832370383
32.4433097839355,182832.06,6668938.832370383
542.203918457031,1525880.6,6668938.832370383
1530.88500976562,5961586.5,6668938.832370383
379.080505371093,1520286.0,6668938.832370383
43.9900398254394,240664.47,6668938.832370383
2925.39599609375,9246789.0,6668938.832370383
3049.85205078125,12069783.0,6668938.832370383
480.585296630859,1822135.4,6668938.832370383
2280.15087890625,7875894.0,6668938.832370383
523.281188964843,2278023.0,6668938.832370383
1101.72900390625,3876246.8,6668938.832370383
0.0,7214.409,6668938.832370383
580.880676269531,1942815.2,6668938.832370383
3603.72607421875,13334899.0,6668938.832370383
790.289184570312,3097738.8,6668938.832370383
2186.169921875,7147850.5,6668938.832370383
58.3449211120605,393301.28,6668938.832370383
3591.5380859375,12300848.0,6668938.832370383
364.479705810546,1427993.0,6668938.832370383
668.562316894531,2656793.8,6668938.832370383
2044.708984375,7065457.5,6668938.832370383
3527.712890625,12421221.0,6668938.832370383
0.0,6880.161,6668938.832370383
1029.10095214843,3500174.2,6668938.832370383
0.0,1940324.4,6668938.832370383
1408.60595703125,5177254.0,6668938.832370383
900.152893066406,3335893.2,6668938.832370383
3603.90991210937,12610259.0,6668938.832370383
206.932495117187,758732.25,6668938.832370383
3602.36499023437,13338829.0,6668938.832370383
3602.962890625,13295386.0,6668938.832370383
0.0,15251.365,6668938.832370383
165.297698974609,603383.25,6668938.832370383
0.0,17964.596,6668938.832370383
0.0,182554.52,6668938.832370383
1149.30004882812,4102915.5,6668938.832370383
0.0,7346.1807,6668938.832370383
2832.23901367187,9995535.0,6668938.832370383
8.97886753082275,86074.586,6668938.832370383
217.568298339843,7543573.5,6668938.832370383
1353.71398925781,4630349.5,6668938.832370383
1228.07604980468,5008948.0,6668938.832370383
1526.78503417968,4573316.0,6668938.832370383
1720.86303710937,5642473.0,6668938.832370383
24.5065193176269,52979.24,6668938.832370383
0.0,12812.477,6668938.832370383
345.220794677734,1337308.0,6668938.832370383
1738.63598632812,6082935.0,6668938.832370383
1340.30395507812,4549409.0,6668938.832370383
750.30078125,3039595.8,6668938.832370383
3601.2099609375,12446071.0,6668938.832370383
2640.17211914062,7334089.5,6668938.832370383
1313.92504882812,4789359.0,6668938.832370383
0.0,5693789.0,6668938.832370383
3168.76806640625,12124511.0,6668938.832370383
1254.03503417968,4079475.0,6668938.832370383
1779.9150390625,6406634.5,6668938.832370383
1008.1069946289,3545772.0,6668938.832370383
3004.376953125,12354743.0,6668938.832370383
438.247497558593,1956766.8,6668938.832370383
2183.39599609375,6963435.5,6668938.832370383
2440.80688476562,9052854.0,6668938.832370383
1335.51098632812,3983666.0,6668938.832370383
664.789428710937,2465489.0,6668938.832370383
3519.19506835937,12542069.0,6668938.832370383
2940.1220703125,10517141.0,6668938.832370383
-0.488667488098145,7298.64,6668938.832370383
1886.52697753906,7187593.5,6668938.832370383
0.0,15662.708,6668938.832370383
1697.44995117187,5754284.5,6668938.832370383
3603.28393554687,12519338.0,6668938.832370383
3563.67211914062,12407509.0,6668938.832370383
923.390991210937,3039000.5,6668938.832370383
3603.26489257812,12357706.0,6668938.832370383
2539.248046875,7593627.5,6668938.832370383
655.194274902343,2383625.2,6668938.832370383
3601.82592773437,12329934.0,6668938.832370383
549.561218261718,2446906.0,6668938.832370383
1140.13403320312,3368296.2,6668938.832370383
2264.68310546875,8194634.0,6668938.832370383
2778.22192382812,9147225.0,6668938.832370383
155.7958984375,6997470.5,6668938.832370383
3583.77905273437,11846851.0,6668938.832370383
847.618286132812,3080792.0,6668938.832370383
0.0,2309054.5,6668938.832370383
534.661193847656,1783480.8,6668938.832370383
337.03091430664,1389702.2,6668938.832370383
838.256103515625,7123085.5,6668938.832370383
0.0,16311.167,6668938.832370383
1861.00305175781,6337653.5,6668938.832370383
988.175476074218,3880264.0,6668938.832370383
3603.31494140625,12297696.0,6668938.832370383
0.0,6124.2935,6668938.832370383
3332.830078125,11962522.0,6668938.832370383
458.725402832031,1707145.0,6668938.832370383
2251.64697265625,7273247.0,6668938.832370383
3002.43994140625,10880435.0,6668938.832370383
3099.24609375,9087754.0,6668938.832370383
0.0,3920.1929,6668938.832370383
0.0,76876.93,6668938.832370383
1893.40698242187,7086787.5,6668938.832370383
109.5166015625,5298909.0,6668938.832370383
0.0,34272.48,6668938.832370383
90.8811111450195,261296.17,6668938.832370383
3602.51098632812,13271602.0,6668938.832370383
1140.55798339843,3752965.5,6668938.832370383
248.946304321289,1041652.56,6668938.832370383
268.304992675781,1290245.5,6668938.832370383
2603.67309570312,9197671.0,6668938.832370383
1027.3349609375,3892209.5,6668938.832370383
0.0,9918.934,6668938.832370383
0.0,38358.574,6668938.832370383
1335.39904785156,4851600.0,6668938.832370383
3439.07202148437,11693113.0,6668938.832370383
825.488708496093,3740943.2,6668938.832370383
875.196716308593,3439544.5,6668938.832370383
804.135314941406,2688817.8,6668938.832370383
1356.44897460937,4861226.0,6668938.832370383
0.0,9878106.0,6668938.832370383
0.0,59388.246,6668938.832370383
571.841369628906,977576.2,6668938.832370383
794.2197265625,3290367.5,6668938.832370383
1748.31494140625,6227827.0,6668938.832370383
664.9658203125,2054724.5,6668938.832370383
2893.5869140625,10180979.0,6668938.832370383
3475.36694335937,12687859.0,6668938.832370383
159.797698974609,721534.7,6668938.832370383
1471.73901367187,5189818.5,6668938.832370383
313.184295654296,5211612.0,6668938.832370383
0.0,20298.447,6668938.832370383
738.5576171875,2919907.5,6668938.832370383
3544.1630859375,12318193.0,6668938.832370383
386.174285888671,1454527.8,6668938.832370383
412.555999755859,1746183.4,6668938.832370383
0.0,-312.14136,6668938.832370383
0.0,13652.337,6668938.832370383
0.0,-1297.287,6668938.832370383
3601.83911132812,12773937.0,6668938.832370383
408.586486816406,1422768.6,6668938.832370383
0.0,5725498.0,6668938.832370383
174.758499145507,868242.2,6668938.832370383
412.415496826171,1675910.6,6668938.832370383
3182.43090820312,11784559.0,6668938.832370383
0.0,8725.834,6668938.832370383
343.905395507812,1323871.6,6668938.832370383
0.0,8362.175,6668938.832370383
1526.03002929687,4900126.5,6668938.832370383
3416.96704101562,12387220.0,6668938.832370383
3328.15600585937,12380805.0,6668938.832370383
1989.97204589843,6496039.0,6668938.832370383
592.840881347656,2625925.5,6668938.832370383
0.0,7667.8677,6668938.832370383
97.1442489624023,528008.56,6668938.832370383
1006.15502929687,4010387.5,6668938.832370383
0.0,945.72675,6668938.832370383
3460.51196289062,12372887.0,6668938.832370383
323.849090576171,1364945.1,6668938.832370383
213.364501953125,2491749.5,6668938.832370383
1889.96398925781,6964949.5,6668938.832370383
194.895706176757,716906.8,6668938.832370383
164.551300048828,537279.2,6668938.832370383
2748.958984375,9814925.0,6668938.832370383
0.0,8653749.0,6668938.832370383
3430.38891601562,12385085.0,6668938.832370383
764.189392089843,2529129.5,6668938.832370383
754.739807128906,2654315.2,6668938.832370383
0.0,11061.632,6668938.832370383
2666.20190429687,9087949.0,6668938.832370383
2.84085607528686,14189.374,6668938.832370383
3576.72705078125,12515333.0,6668938.832370383
1923.15197753906,6954981.5,6668938.832370383
722.12939453125,2435967.5,6668938.832370383
3602.44604492187,12307636.0,6668938.832370383
0.0,13186.688,6668938.832370383
2990.14306640625,10512186.0,6668938.832370383
0.0,4834.539,6668938.832370383
1554.33801269531,6040711.5,6668938.832370383
307.109100341796,1200104.5,6668938.832370383
0.0,6377.5996,6668938.832370383
468.499114990234,1651724.1,6668938.832370383
3462.13208007812,12876434.0,6668938.832370383
18.5994892120361,64337.867,6668938.832370383
156.033203125,683707.8,6668938.832370383
0.0,-2346.8923,6668938.832370383
2852.25903320312,9026431.0,6668938.832370383
3461.44702148437,13253190.0,6668938.832370383
340.925903320312,1317667.1,6668938.832370383
3508.48193359375,12430903.0,6668938.832370383
0.0,10606.34,6668938.832370383
3461.61791992187,13245367.0,6668938.832370383
3603.09497070312,13296063.0,6668938.832370383
0.0,12458.692,6668938.832370383
2698.455078125,9333178.0,6668938.832370383
0.0,10456.226,6668938.832370383
243.506195068359,901612.94,6668938.832370383
91.6740264892578,5633378.0,6668938.832370383
425.175689697265,1674819.4,6668938.832370383
792.763488769531,3559118.8,6668938.832370383
1250.7509765625,4608758.0,6668938.832370383
3410.81909179687,12426724.0,6668938.832370383
1842.78503417968,5343184.0,6668938.832370383
730.761779785156,2551416.2,6668938.832370383
1777.98400878906,8119082.0,6668938.832370383
3430.77807617187,12519181.0,6668938.832370383
200.783599853515,3228153.0,6668938.832370383
329.393096923828,1297450.5,6668938.832370383
3466.61303710937,12411747.0,6668938.832370383
2374.9541015625,8417946.0,6668938.832370383
336.813903808593,1172422.5,6668938.832370383
2655.1298828125,8873980.0,6668938.832370383
1732.91796875,6001657.5,6668938.832370383
0.0,9494845.0,6668938.832370383
0.0,6556886.5,6668938.832370383
374.363708496093,1403430.9,6668938.832370383
831.059020996093,2892390.2,6668938.832370383
2135.80908203125,7470764.0,6668938.832370383
0.0,3082.8784,6668938.832370383
1054.73901367187,3374165.8,6668938.832370383
1828.41003417968,6499921.5,6668938.832370383
2231.34692382812,7824347.5,6668938.832370383
0.0,14407.472,6668938.832370383
147.95230102539,571694.1,6668938.832370383
0.0,13592.849,6668938.832370383
3575.00805664062,12410521.0,6668938.832370383
2038.65795898437,6483288.0,6668938.832370383
0.0,23147.916,6668938.832370383
1475.96301269531,4661024.5,6668938.832370383
787.289611816406,2889445.8,6668938.832370383
29.4506397247314,57920.684,6668938.832370383
3602.73999023437,12672799.0,6668938.832370383
792.447509765625,2836008.8,6668938.832370383
1681.59094238281,5950764.0,6668938.832370383
1014.23797607421,4141147.2,6668938.832370383
3602.51196289062,13280788.0,6668938.832370383
0.0,57115.07,6668938.832370383
3514.86401367187,12480905.0,6668938.832370383
412.913696289062,1345590.8,6668938.832370383
277.727508544921,1133193.9,6668938.832370383
3536.42700195312,12252860.0,6668938.832370383
2771.11010742187,8467035.0,6668938.832370383
3290.86596679687,11834562.0,6668938.832370383
209.830795288085,6802817.5,6668938.832370383
146.078201293945,296576.1,6668938.832370383
539.470520019531,1852685.6,6668938.832370383
0.0,11871.638,6668938.832370383
0.0,-2517.541,6668938.832370383
2218.2939453125,7646463.0,6668938.832370383
0.0,8800.366,6668938.832370383
443.550506591796,1893424.1,6668938.832370383
653.108703613281,1752548.1,6668938.832370383
2840.11108398437,10392747.0,6668938.832370383
1407.46398925781,5188744.0,6668938.832370383
514.777404785156,1669216.0,6668938.832370383
3461.24609375,13262663.0,6668938.832370383
0.0,1035223.4,6668938.832370383
608.883605957031,2248971.5,6668938.832370383
1776.89294433593,5693993.0,6668938.832370383
3502.6650390625,12140028.0,6668938.832370383
57.316650390625,195861.67,6668938.832370383
0.0,7417.805,6668938.832370383
23.8388309478759,34557.812,6668938.832370383
692.189575195312,2794333.8,6668938.832370383
679.006774902343,2260753.5,6668938.832370383
0.0,3110473.0,6668938.832370383
782.473327636718,2935367.0,6668938.832370383
0.0,12862.658,6668938.832370383
0.0,-1639.2053,6668938.832370383
294.446502685546,1052211.0,6668938.832370383
727.544006347656,2569509.2,6668938.832370383
0.0,36603.348,6668938.832370383
147.766906738281,480001.9,6668938.832370383
3405.52490234375,11442670.0,6668938.832370383
2005.05200195312,6783724.0,6668938.832370383
1449.39196777343,5371644.0,6668938.832370383
1341.58801269531,4834143.0,6668938.832370383
0.0,289.6421,6668938.832370383
2482.27099609375,7839474.0,6668938.832370383
1370.49694824218,4695773.0,6668938.832370383
3494.87890625,12503733.0,6668938.832370383
320.366607666015,1254260.8,6668938.832370383
3384.31201171875,12258464.0,6668938.832370383
3365.8798828125,12120592.0,6668938.832370383
439.825805664062,1890325.5,6668938.832370383
0.0,164811.44,6668938.832370383
273.756896972656,1292615.9,6668938.832370383
2016.65295410156,7255652.5,6668938.832370383
0.0,5298.541,6668938.832370383
385.750305175781,794611.75,6668938.832370383
2109.78393554687,6511623.0,6668938.832370383
2836.69897460937,10213642.0,6668938.832370383
3240.68701171875,11321493.0,6668938.832370383
3603.97509765625,13187584.0,6668938.832370383
367.125091552734,1465857.8,6668938.832370383
0.0,31848.326,6668938.832370383
0.0,5976.4585,6668938.832370383
808.718017578125,7231538.0,6668938.832370383
0.0,31166.256,6668938.832370383
459.264099121093,1094685.0,6668938.832370383
3462.0029296875,13236067.0,6668938.832370383
1340.28002929687,4912851.0,6668938.832370383
1785.35302734375,5999340.5,6668938.832370383
3481.88989257812,12320629.0,6668938.832370383
3602.71508789062,12904321.0,6668938.832370383
230.891204833984,907813.56,6668938.832370383
0.0,450979.06,6668938.832370383
1061.96105957031,4018013.5,6668938.832370383
568.914672851562,2263511.0,6668938.832370383
0.0,20707.113,6668938.832370383
734.024475097656,2989683.0,6668938.832370383
0.0,7099.9565,6668938.832370383
3558.95190429687,12390669.0,6668938.832370383
207.518295288085,760148.75,6668938.832370383
0.0,16219.219,6668938.832370383
0.0,6762.6396,6668938.832370383
2952.8349609375,10126952.0,6668938.832370383
0.0,10686.326,6668938.832370383
1255.30895996093,3122687.0,6668938.832370383
691.260986328125,2427545.5,6668938.832370383
710.740173339843,2699228.2,6668938.832370383
1948.25695800781,5885450.5,6668938.832370383
1693.92297363281,5657333.0,6668938.832370383
0.0,-1297.8085,6668938.832370383
3462.13989257812,13039168.0,6668938.832370383
3601.5869140625,13221439.0,6668938.832370383
3601.9130859375,13213470.0,6668938.832370383
0.0,7036.9077,6668938.832370383
1176.71301269531,4497018.0,6668938.832370383
2204.94409179687,7331815.5,6668938.832370383
1976.86096191406,6080908.0,6668938.832370383
5.88739919662475,164341.56,6668938.832370383
957.377990722656,1825230.5,6668938.832370383
1892.98095703125,6842568.5,6668938.832370383
0.0,13798.098,6668938.832370383
514.959228515625,1945089.5,6668938.832370383
72.1435470581054,104158.07,6668938.832370383
0.0,-1259.5037,6668938.832370383
0.0,11841.353,6668938.832370383
3472.15087890625,12349217.0,6668938.832370383
0.0,12089.876,6668938.832370383
3597.83911132812,12352188.0,6668938.832370383
122.157600402832,216247.5,6668938.832370383
2960.53002929687,9595681.0,6668938.832370383
2981.17797851562,10640759.0,6668938.832370383
539.865478515625,2144518.2,6668938.832370383
199.167404174804,735983.4,6668938.832370383
2590.458984375,10546219.0,6668938.832370383
588.521423339843,2509272.5,6668938.832370383
405.590515136718,1705399.0,6668938.832370383
380.77749633789,1411976.0,6668938.832370383
1879.11804199218,6563488.0,6668938.832370383
3553.25390625,12178763.0,6668938.832370383
124.212196350097,624998.7,6668938.832370383
0.0,84312.09,6668938.832370383
325.609191894531,1128901.1,6668938.832370383
2068.916015625,7023235.0,6668938.832370383
682.181823730468,2618451.5,6668938.832370383
1561.18200683593,5821199.0,6668938.832370383
2506.93090820312,7829840.5,6668938.832370383
980.982116699218,12326803.0,6668938.832370383
1504.63195800781,5180095.0,6668938.832370383
146.644805908203,564417.8,6668938.832370383
1890.5009765625,7227363.0,6668938.832370383
0.0,11688.379,6668938.832370383
0.0,47493.46,6668938.832370383
685.765930175781,2550406.8,6668938.832370383
743.173583984375,1542570.9,6668938.832370383
3581.55493164062,12422921.0,6668938.832370383
0.0,3060.6416,6668938.832370383
3160.6240234375,10729950.0,6668938.832370383
0.0,3617.4207,6668938.832370383
3602.626953125,12269969.0,6668938.832370383
3603.31591796875,12376547.0,6668938.832370383
883.278076171875,2926398.0,6668938.832370383
0.0,12410574.0,6668938.832370383
403.815612792968,1392869.1,6668938.832370383
2384.919921875,8138548.0,6668938.832370383
1528.41101074218,5588902.0,6668938.832370383
1590.52600097656,6002493.0,6668938.832370383
1542.05102539062,5240918.5,6668938.832370383
0.0,52058.113,6668938.832370383
0.0,4753.309,6668938.832370383
2649.14599609375,9496367.0,6668938.832370383
80.6379776000976,474247.25,6668938.832370383
1618.57397460937,5229523.0,6668938.832370383
770.737182617187,2794612.2,6668938.832370383
771.278076171875,2830167.0,6668938.832370383
2668.8330078125,8154009.5,6668938.832370383
597.570373535156,2074101.1,6668938.832370383
0.0,3460.8083,6668938.832370383
2436.80688476562,7986371.5,6668938.832370383
2226.02807617187,7040453.5,6668938.832370383
3581.67797851562,12421730.0,6668938.832370383
122.813499450683,370016.2,6668938.832370383
133.623901367187,517506.16,6668938.832370383
1866.69897460937,6085240.0,6668938.832370383
1938.93005371093,7001105.0,6668938.832370383
3468.67602539062,12346773.0,6668938.832370383
58.4925308227539,285057.5,6668938.832370383
2343.83911132812,9099711.0,6668938.832370383
343.570892333984,1455508.6,6668938.832370383
0.0,13633.543,6668938.832370383
756.039428710937,3059222.8,6668938.832370383
2605.48388671875,7880734.5,6668938.832370383
22.5608196258544,39714.89,6668938.832370383
690.190185546875,2261960.5,6668938.832370383
2566.32299804687,10576794.0,6668938.832370383
1092.62194824218,3511421.8,6668938.832370383
66.1028671264648,199301.81,6668938.832370383
3070.42993164062,10435498.0,6668938.832370383
2.61625599861145,10175.893,6668938.832370383
2867.62109375,10803668.0,6668938.832370383
262.740203857421,1087696.2,6668938.832370383
0.0,17294.365,6668938.832370383
2174.39794921875,6986176.0,6668938.832370383
1563.17004394531,5850031.0,6668938.832370383
3269.1640625,12216680.0,6668938.832370383
3546.248046875,12530826.0,6668938.832370383
0.0,13934.26,6668938.832370383
0.0,3746151.0,6668938.832370383
0.0,2365.3872,6668938.832370383
0.0,36501.67,6668938.832370383
2758.77709960937,9291907.0,6668938.832370383
272.379913330078,1124658.2,6668938.832370383
259.243103027343,1026018.56,6668938.832370383
3461.544921875,12540280.0,6668938.832370383
505.909912109375,1706983.9,6668938.832370383
395.952514648437,967925.75,6668938.832370383
2198.69995117187,7871290.5,6668938.832370383
840.931579589843,3046585.5,6668938.832370383
1514.36499023437,5274076.5,6668938.832370383
0.0,-332.5858,6668938.832370383
0.0,5763306.5,6668938.832370383
384.822998046875,1553771.9,6668938.832370383
1806.11401367187,5949109.5,6668938.832370383
3198.23608398437,10736457.0,6668938.832370383
1854.56896972656,6838355.5,6668938.832370383
175.345993041992,740281.9,6668938.832370383
1478.15502929687,4289098.0,6668938.832370383
3604.15087890625,12586556.0,6668938.832370383
0.0,14468.384,6668938.832370383
0.0,-861.20703,6668938.832370383
668.211181640625,2581588.8,6668938.832370383
0.0,931.2076,6668938.832370383
339.583099365234,1300458.2,6668938.832370383
267.807495117187,1190940.6,6668938.832370383
2522.32202148437,8697517.0,6668938.832370383
2301.61596679687,8664238.0,6668938.832370383
2679.25,9078250.0,6668938.832370383
1475.44799804687,4836287.0,6668938.832370383
3138.14697265625,10959882.0,6668938.832370383
2417.64990234375,8757647.0,6668938.832370383
228.943206787109,824146.0,6668938.832370383
83.2296524047851,396053.66,6668938.832370383
0.0,4077.1995,6668938.832370383
1332.56005859375,4020301.5,6668938.832370383
3235.22705078125,11941929.0,6668938.832370383
205.680206298828,658341.06,6668938.832370383
246.824798583984,735503.8,6668938.832370383
965.07861328125,3267607.2,6668938.832370383
0.0,94951.13,6668938.832370383
696.031127929687,2438545.8,6668938.832370383
109.595298767089,550739.3,6668938.832370383
0.0,-400.76636,6668938.832370383
0.0,2939.607,6668938.832370383
0.0,15273.942,6668938.832370383
403.973999023437,1535422.4,6668938.832370383
304.563690185546,1283518.0,6668938.832370383
3239.65502929687,11868078.0,6668938.832370383
204.016204833984,1026409.6,6668938.832370383
2717.4208984375,9106291.0,6668938.832370383
2701.63305664062,9538413.0,6668938.832370383
0.0,-2539.6492,6668938.832370383
179.450897216796,596405.56,6668938.832370383
0.0,34548.414,6668938.832370383
308.28140258789,976594.56,6668938.832370383
1067.27600097656,3224015.5,6668938.832370383
2551.70288085937,8838745.0,6668938.832370383
0.0,1801207.4,6668938.832370383
134.028594970703,668386.5,6668938.832370383
3483.14599609375,12445556.0,6668938.832370383
0.0,410.78735,6668938.832370383
54.0197296142578,417565.47,6668938.832370383
358.875,1303081.5,6668938.832370383
356.682586669921,1488963.1,6668938.832370383
582.471130371093,2442542.0,6668938.832370383
3100.162109375,10496931.0,6668938.832370383
562.475524902343,2451223.8,6668938.832370383
83.0992965698242,539106.7,6668938.832370383
1954.14196777343,10993064.0,6668938.832370383
2294.24609375,7365973.5,6668938.832370383
2140.75610351562,7211458.0,6668938.832370383
3460.84008789062,12895563.0,6668938.832370383
231.271392822265,944491.1,6668938.832370383
23.4734592437744,74559.65,6668938.832370383
3566.42700195312,12017993.0,6668938.832370383
3100.96899414062,10555846.0,6668938.832370383
2588.90087890625,8601995.0,6668938.832370383
125.927001953125,446982.53,6668938.832370383
0.0,15235.299,6668938.832370383
1120.26794433593,3831125.5,6668938.832370383
3313.21704101562,12042969.0,6668938.832370383
246.817398071289,927428.25,6668938.832370383
3474.22290039062,13009469.0,6668938.832370383
1424.21496582031,4553645.5,6668938.832370383
1708.57299804687,5361580.5,6668938.832370383
1752.31799316406,6055599.5,6668938.832370383
3591.36791992187,12407796.0,6668938.832370383
3467.80810546875,11999147.0,6668938.832370383
0.0,516359.78,6668938.832370383
0.0,6190018.0,6668938.832370383
3601.42602539062,12723730.0,6668938.832370383
3602.90795898437,12768183.0,6668938.832370383
1170.63598632812,4212657.5,6668938.832370383
920.069213867187,3796701.5,6668938.832370383
1470.80004882812,5052374.0,6668938.832370383
767.465026855468,6731547.5,6668938.832370383
2379.30688476562,6750755.5,6668938.832370383
1458.6650390625,5066293.0,6668938.832370383
0.451132506132126,10043.266,6668938.832370383
550.751220703125,1949833.5,6668938.832370383
1085.68603515625,4668022.5,6668938.832370383
1802.15405273437,5019888.5,6668938.832370383
3601.63305664062,13403846.0,6668938.832370383
0.0,2065086.4,6668938.832370383
3599.89306640625,12519160.0,6668938.832370383
1035.85900878906,3973687.8,6668938.832370383
3388.39111328125,11459002.0,6668938.832370383
253.392196655273,908880.94,6668938.832370383
0.0,9230.763,6668938.832370383
10.8918800354003,3777.7375,6668938.832370383
2399.12109375,8019959.5,6668938.832370383
3257.47802734375,11180320.0,6668938.832370383
0.0,16723.645,6668938.832370383
932.927124023437,3315210.8,6668938.832370383
3602.97607421875,12906574.0,6668938.832370383
26.0914192199707,61441.418,6668938.832370383
2516.18798828125,7380604.5,6668938.832370383
2590.47412109375,9171430.0,6668938.832370383
3504.1640625,12424283.0,6668938.832370383
1340.69396972656,4806457.5,6668938.832370383
522.387084960937,2167179.5,6668938.832370383
3603.15991210937,12277282.0,6668938.832370383
2102.02197265625,7032373.0,6668938.832370383
2830.07104492187,10116214.0,6668938.832370383
88.9543991088867,207378.2,6668938.832370383
3604.24389648437,12370419.0,6668938.832370383
573.609924316406,2094536.2,6668938.832370383
0.0,-1553.8456,6668938.832370383
0.0,7038.447,6668938.832370383
32.6708793640136,18734.123,6668938.832370383
3603.96411132812,13326950.0,6668938.832370383
2827.001953125,10644229.0,6668938.832370383
44.6015396118164,259469.58,6668938.832370383
850.272399902343,2659288.8,6668938.832370383
0.0,5361.996,6668938.832370383
853.053771972656,2982213.5,6668938.832370383
0.0,55520.812,6668938.832370383
444.106811523437,1720227.6,6668938.832370383
41.9472389221191,55830.316,6668938.832370383
3603.41088867187,12410656.0,6668938.832370383
0.0,12243864.0,6668938.832370383
848.723022460937,12615939.0,6668938.832370383
2629.126953125,7956635.5,6668938.832370383
3589.24194335937,12275411.0,6668938.832370383
3602.78295898437,13212097.0,6668938.832370383
3293.4169921875,12443777.0,6668938.832370383
2.43833303451538,34532.727,6668938.832370383
2632.06494140625,8713945.0,6668938.832370383
3601.56396484375,14345886.0,6668938.832370383
0.0,230.60623,6668938.832370383
712.058898925781,2520363.8,6668938.832370383
0.0,5380.196,6668938.832370383
3463.38403320312,10960154.0,6668938.832370383
0.0,8465.194,6668938.832370383
2520.07397460937,8617816.0,6668938.832370383
1242.62902832031,4764943.0,6668938.832370383
1405.45703125,4783898.0,6668938.832370383
0.0,9620.272,6668938.832370383
256.143890380859,804322.2,6668938.832370383
554.540405273437,2376486.0,6668938.832370383
3149.06396484375,11511499.0,6668938.832370383
379.141998291015,1449841.4,6668938.832370383
1043.66198730468,3732009.5,6668938.832370383
2410.0439453125,9708533.0,6668938.832370383
952.231018066406,3259330.8,6668938.832370383
3602.64111328125,12625662.0,6668938.832370383
360.488006591796,1298964.1,6668938.832370383
35.5616989135742,61526.664,6668938.832370383
419.517211914062,1461692.2,6668938.832370383
33.6951484680175,56596.52,6668938.832370383
0.0,24465.758,6668938.832370383
94.8503265380859,482607.38,6668938.832370383
3095.73608398437,10272809.0,6668938.832370383
256.103088378906,977496.44,6668938.832370383
3467.27709960937,12416781.0,6668938.832370383
1204.62097167968,4029058.8,6668938.832370383
165.443893432617,357076.75,6668938.832370383
3047.78393554687,10994447.0,6668938.832370383
0.0,985.3792,6668938.832370383
1140.51794433593,3402635.0,6668938.832370383
3237.72412109375,11059123.0,6668938.832370383
1453.23999023437,4542174.5,6668938.832370383
2852.27490234375,9426076.0,6668938.832370383
2982.70703125,10091688.0,6668938.832370383
3590.52197265625,12286088.0,6668938.832370383
0.0,3352.7231,6668938.832370383
0.0,29920.377,6668938.832370383
2146.916015625,7100808.0,6668938.832370383
6.182541847229,31133.477,6668938.832370383
3574.35693359375,12407454.0,6668938.832370383
1012.67602539062,3300091.0,6668938.832370383
185.349395751953,811797.44,6668938.832370383
2284.81909179687,7593041.5,6668938.832370383
0.0,-3519.1294,6668938.832370383
2543.14794921875,9365878.0,6668938.832370383
3414.837890625,12434536.0,6668938.832370383
1328.15698242187,3682776.5,6668938.832370383
215.810501098632,822771.9,6668938.832370383
3389.18408203125,11816207.0,6668938.832370383
0.0,2881.9006,6668938.832370383
